searchterm,exclude
nintendo wario,nintendo
nintendo dry bowser,nintendo
nintendo waluigi,nintendo
nintendo donkey kong,nintendo
nintendo roy koopa,nintendo
nintendo morton,nintendo
nintendo heavy mii,nintendo
nintendo metal mario,nintendo
nintendo pink gold peach,nintendo
nintendo rosalina,nintendo
nintendo king boo,nintendo
nintendo link,nintendo
nintendo zelda,nintendo
nintendo ludwig,nintendo
nintendo iggy,nintendo
nintendo medium mii,nintendo
nintendo baby daisy,nintendo
nintendo baby peach,nintendo
nintendo baby rosalina,nintendo
nintendo bowser jr.,nintendo
nintendo cat peach,nintendo
nintendo dry bones,nintendo
nintendo lakitu,nintendo
nintendo larry,nintendo
nintendo lemmy,nintendo
nintendo gold mario,nintendo
nintendo inkling girl,nintendo
nintendo inkling boy,nintendo
nintendo koopa troopa,nintendo
nintendo shy guy,nintendo
nintendo toadette,nintendo
nintendo villager,nintendo
nintendo wendy,nintendo
nintendo yoshi,nintendo
